Name,Email,DOB,Phone
Heleno Araújo,heleno.araujo@example.com,1986-03-05T11:58:38.450Z,(13) 1776-0087
Teobaldo das Neves,teobaldo.dasneves@example.com,1996-12-18T02:17:21.391Z,(12) 1382-9186
Connor Wright,connor.wright@example.com,1952-08-06T21:46:38.495Z,(611)-108-8272
Scott Parker,scott.parker@example.com,1950-12-28T06:23:15.551Z,031-638-2904
Antenor Jesus,antenor.jesus@example.com,1978-11-27T01:23:50.407Z,(09) 9842-3688
Zlatan Vuksanović,zlatan.vuksanovic@example.com,1996-10-04T17:03:58.589Z,024-7465-373
Dirkjan Melse,dirkjan.melse@example.com,1999-10-12T02:34:34.324Z,(0000) 462854
Bruce Moore,bruce.moore@example.com,1979-07-13T23:41:10.225Z,021-861-3613
Leonard Cook,leonard.cook@example.com,1970-07-16T20:02:50.485Z,021-751-6438
Justin Ouellet,justin.ouellet@example.com,1960-11-19T14:41:20.293Z,G39 O14-3160
Valtteri Kangas,valtteri.kangas@example.com,2000-10-26T16:46:22.582Z,02-812-833
Malthe Christiansen,malthe.christiansen@example.com,1990-07-20T05:39:41.123Z,20431207
Oscar Petersen,oscar.petersen@example.com,1998-03-23T16:35:47.472Z,90472330
Nathaniel Young,nathaniel.young@example.com,1971-04-28T11:24:34.401Z,07-3777-1405
Torsten Rotter,torsten.rotter@example.com,1967-07-15T20:01:04.518Z,0687-7270448
Vicente Hidalgo,vicente.hidalgo@example.com,1987-12-12T22:38:32.378Z,947-593-339
Magno Aragão,magno.aragao@example.com,1963-09-25T23:36:43.999Z,(06) 7162-3644
Tommi Storm,tommi.storm@example.com,1984-09-10T06:14:14.449Z,0685-0798426
Sergio Vincent,sergio.vincent@example.com,1951-07-05T06:42:12.813Z,078 358 88 06
Carmelo Sánchez,carmelo.sanchez@example.com,1948-03-24T18:18:19.948Z,929-216-334
Slavomir Zaharenko,slavomir.zaharenko@example.com,1957-12-15T18:55:00.063Z,(066) H36-8062
Boronislav Rimar,boronislav.rimar@example.com,1945-08-29T17:55:10.446Z,(098) J07-4102
Bojan Fournier,bojan.fournier@example.com,1994-12-18T16:33:45.592Z,079 557 55 33
Jimmie Romero,jimmie.romero@example.com,1972-11-26T03:37:56.973Z,01-1054-3494
Ljubisav Radović,ljubisav.radovic@example.com,1965-03-24T02:50:47.518Z,022-6068-112
William Robert,william.robert@example.com,2000-10-12T19:07:03.825Z,01-20-53-48-97
Yartur Didkivskiy,yartur.didkivskiy@example.com,1965-06-21T13:36:50.030Z,(067) U96-8435
Vojin Teodosić,vojin.teodosic@example.com,1967-06-03T13:46:01.031Z,022-1364-649
Viktor Thomann,viktor.thomann@example.com,1987-08-02T03:38:55.433Z,0914-2445120
Rene Hartmann,rene.hartmann@example.com,1998-09-10T13:08:10.128Z,0524-9901045
Tromp Jonker,tromp.jonker@example.com,1946-12-13T00:21:33.346Z,(071) 3736912
Ved Mugeraya,ved.mugeraya@example.com,1945-01-27T21:04:27.532Z,7415911067
Israel Rendón,israel.rendon@example.com,1993-03-30T16:47:31.660Z,(650) 286 7173
Ahmet Örge,ahmet.orge@example.com,1953-03-16T18:33:33.882Z,(794)-723-6099
Elias Sørensen,elias.sorensen@example.com,1964-11-09T16:58:39.839Z,29987113
Espartaco Ballesteros,espartaco.ballesteros@example.com,1984-04-02T16:56:39.324Z,(650) 166 7264
Časlav Živojinović,caslav.zivojinovic@example.com,1964-12-27T21:34:02.338Z,014-2463-871
Roger Ramirez,roger.ramirez@example.com,1949-01-07T03:18:57.561Z,01749 219819
Iván Ortega,ivan.ortega@example.com,1954-03-19T07:39:32.377Z,971-760-447
José Eduardo Villa,joseeduardo.villa@example.com,1983-01-27T12:36:58.779Z,(663) 901 9800
Leslie Payne,leslie.payne@example.com,1951-03-31T13:16:41.731Z,(544) 551-6054
Jon Reid,jon.reid@example.com,1972-02-10T07:16:23.139Z,(394) 870-9563
Aderico da Costa,aderico.dacosta@example.com,1974-11-02T09:43:30.770Z,(18) 3103-6073
آرتين زارعی,artyn.zraay@example.com,1949-01-27T14:29:14.570Z,042-99877623
Diego Sotelo,diego.sotelo@example.com,1947-10-20T14:53:33.394Z,(621) 826 1603
سینا حیدری,syn.hydry@example.com,1996-03-09T22:47:13.922Z,012-14539033
Heinrich Gauthier,heinrich.gauthier@example.com,1992-04-17T22:06:28.533Z,078 587 43 25
Vicente Rubio,vicente.rubio@example.com,1984-04-08T23:46:10.905Z,960-801-466
Daniel Arola,daniel.arola@example.com,1967-03-03T01:35:24.467Z,09-702-812
Gustav Sørensen,gustav.sorensen@example.com,1945-08-18T20:36:11.639Z,35048183
Sandeep Meerkerk,sandeep.meerkerk@example.com,1986-09-04T04:22:36.635Z,(018) 4977875
Olai Dreyer,olai.dreyer@example.com,1958-05-30T08:11:55.570Z,66516976
عباس رضایی,aabs.rdyy@example.com,1959-12-13T01:16:13.319Z,019-86673447
Aaron Brown,aaron.brown@example.com,1983-09-17T16:50:10.115Z,(850)-101-3237
Lucas Montero,lucas.montero@example.com,1975-03-19T23:04:04.217Z,950-811-229
William Johansen,william.johansen@example.com,1978-03-18T01:51:13.431Z,89309241
Andreas Rasmussen,andreas.rasmussen@example.com,1983-07-27T00:03:43.679Z,93753243
Lucas Mckinney,lucas.mckinney@example.com,1993-02-25T13:36:25.112Z,041-990-0235
علیرضا نكو نظر,aalyrd.nkwnzr@example.com,1950-10-12T23:12:52.923Z,056-87046814
Rahul Anand,rahul.anand@example.com,1954-05-20T12:59:23.886Z,7054745717
Arnold Ward,arnold.ward@example.com,1971-02-17T23:50:02.335Z,03-3824-7018
Dobrodum Korobchuk,dobrodum.korobchuk@example.com,1988-02-18T17:51:02.908Z,(067) R62-0099
Adolfo Rodríguez,adolfo.rodriguez@example.com,1970-02-24T03:14:48.569Z,993-899-565
Francesco Rodriguez,francesco.rodriguez@example.com,1974-10-25T09:22:13.689Z,078 867 72 50
Ortwin Liedtke,ortwin.liedtke@example.com,1996-05-28T15:12:30.360Z,0731-4858408
Witold Karg,witold.karg@example.com,1980-07-22T20:10:09.837Z,0216-6577452
Habacuc Campos,habacuc.campos@example.com,1957-05-12T15:06:41.574Z,(13) 4269-1951
Miguel Ángel Ocampo,miguelangel.ocampo@example.com,1956-11-17T10:38:10.114Z,(648) 644 9452
علی موسوی,aaly.mwswy@example.com,1996-09-13T22:58:20.869Z,071-24919921
Freddie Hanson,freddie.hanson@example.com,1998-03-11T23:56:11.293Z,(257) 676-1775
Rich Murray,rich.murray@example.com,1978-12-11T09:55:52.367Z,019467 63202
Velizar Stanojević,velizar.stanojevic@example.com,1964-09-09T21:40:28.853Z,030-8640-198
Leevi Toro,leevi.toro@example.com,1996-05-28T14:39:39.522Z,06-032-105
Milton Vasquez,milton.vasquez@example.com,1960-10-09T06:50:08.081Z,05-4670-8987
Aapo Niemi,aapo.niemi@example.com,1972-05-19T06:32:20.964Z,03-389-812
Coşkun Aydan,coskun.aydan@example.com,1962-11-29T03:55:31.052Z,(785)-797-0876
Yanis Bernard,yanis.bernard@example.com,2000-03-06T18:20:34.001Z,05-22-66-31-55
Oliver Rasmussen,oliver.rasmussen@example.com,1954-10-18T12:04:22.642Z,45136429
Zerá Melo,zera.melo@example.com,1961-02-06T09:42:45.590Z,(51) 8815-3420
Stefan Filipović,stefan.filipovic@example.com,1963-07-15T12:53:09.775Z,025-1523-341
Gregory Martin,gregory.martin@example.com,1973-06-23T03:10:37.711Z,031-178-1488
سپهر کامروا,sphr.khmrw@example.com,1971-12-27T21:34:10.532Z,080-42673886
Lester Fleming,lester.fleming@example.com,1963-04-30T15:29:06.972Z,061-065-9505
Hans Nyvoll,hans.nyvoll@example.com,1994-07-15T05:58:32.976Z,60365304
Meinrad Olivier,meinrad.olivier@example.com,1985-06-24T20:36:47.271Z,077 442 71 57
Milton Perez,milton.perez@example.com,1951-06-09T15:54:54.349Z,015396 70303
Özkan Elmastaşoğlu,ozkan.elmastasoglu@example.com,1948-02-05T22:49:06.898Z,(460)-082-5912
Reinhart Manthey,reinhart.manthey@example.com,1970-10-31T02:53:53.791Z,0526-3342936
Eelis Hamalainen,eelis.hamalainen@example.com,1952-02-26T09:31:48.813Z,08-178-429
Noam Legrand,noam.legrand@example.com,2000-01-16T21:35:29.759Z,03-82-30-55-85
Radoje Simonović,radoje.simonovic@example.com,1953-02-10T08:21:46.434Z,029-9436-272
Cléo Roux,cleo.roux@example.com,1982-06-17T19:48:51.540Z,01-58-74-83-01
Jimmy Lawrence,jimmy.lawrence@example.com,1986-06-14T02:33:11.668Z,019467 71871
آرش سالاری,arsh.slry@example.com,1983-11-04T13:11:28.731Z,019-10352178
Kaya Gönültaş,kaya.gonultas@example.com,1982-10-04T23:35:03.109Z,(711)-441-8437
Miško Rađen,misko.raden@example.com,1958-03-02T16:45:11.196Z,018-5737-688
Arnaud Martin,arnaud.martin@example.com,1972-12-12T17:18:25.289Z,F39 Y29-1834
Jesús Centeno,jesus.centeno@example.com,1957-10-24T19:03:00.647Z,(680) 671 7894
Winfried Wendland,winfried.wendland@example.com,1963-06-08T14:07:22.891Z,0694-2831777
Toivo Laurila,toivo.laurila@example.com,1955-05-23T19:03:35.009Z,02-817-982
